category,optimal_lag_months,peak_corr,pvalue,ci_lower,ci_upper,n,statistically_defensible
running_shoes,10,0.35063737380026905,3.2735626514546654e-05,0.1924925006525529,0.4910297012491719,134,True
apparel,2,0.34422367843622803,2.733983562231586e-05,0.19028326387640743,0.48164282543763814,142,True
furniture,12,0.3500155119947203,3.888026314968717e-05,0.19053576091820354,0.4914951576317029,132,True
laptops,3,-0.4125580327646086,3.704735731216165e-07,-0.5409773725273649,-0.26533962476831435,141,True
washing_machines,0,-0.5286152351248543,9.755853987592922e-12,-0.637103583263872,-0.3995889264568737,144,True
